Year    ,Program
Master's        BME,BME
Master's        BME,BME
Senior  ,BME
PhD     ,BME
PhD     ,Computer_Science
Master's        BME,BME
Master's        BME,BME
Master's        BME,BME
Master's        BME,BME
Master's        BME,BME
Master's        BME,BME
Master's        BME,BME
Master's        BME,BME
Master's        BME,BME
Junior ,BME
Master's        BME,BME
Master's        Materials_Science,Material_Science
Master's        BME,BME
Master's        BME,CME
Senior  ,ChemBE
Master's        BME,BME
Sophomore       BME,BME
Junior  ,BME
Master's        BME,BME
Master's        BME,BME
Master's        BME,BME
Sophomore       BME,BME
Master's        ChemBE,ChemBE
Master's        JHSPH-MMI,JHSPH-MMI
PhD     ,BCMB_SOM
Master's        BME,BME
Master's        BME,BME
Junior  ,BME
Master's        BME,BME
Master's        BME,BME
Master's        BME,BME
Master's        BME,BME
Master's        BME,BME
Master's        BME,BME
Master's        BME,BME
Master's        BME,BME
Master's        BME,BME